sample_id,predicted_class,polarity,polarity_en,predicted_intensity,raw_predicted_intensity,confidence,prob_negative,prob_neutral,prob_positive,weight_text,weight_audio,weight_vision,observed_text,observed_audio,observed_vision
附件3_01,0,负向,Negative,-0.8814883,-0.8814883,0.70881563,0.70881563,0.14960249,0.14158194,0.7358432,0.15512674,0.1090301,1.0,1.0,1.0
附件3_02,1,中性,Neutral,0.0,-0.20456211,0.522418,0.22089104,0.522418,0.2566909,0.6353264,0.1074364,0.25723726,1.0,0.8214286,0.8214286
附件3_03,1,中性,Neutral,0.0,-0.0026825408,0.40151587,0.27360946,0.40151587,0.32487467,0.6763615,0.17633009,0.1473084,1.0,0.84375,0.71875
附件3_04,2,正向,Positive,0.54247683,0.54247683,0.65873384,0.11907151,0.22219467,0.65873384,0.6923489,0.15893964,0.14871143,1.0,0.9354839,0.9354839
附件3_05,0,负向,Negative,-1.5104725,-1.5104725,0.7786942,0.7786942,0.15077713,0.07052865,0.6474201,0.18428452,0.16829538,1.0,1.0,1.0
附件3_06,2,正向,Positive,1.3716997,1.3716997,0.8437552,0.053984147,0.10226065,0.8437552,0.5395144,0.16455373,0.29593188,1.0,0.88,0.88
附件3_07,1,中性,Neutral,0.0,0.120952845,0.4136295,0.20793149,0.4136295,0.37843898,0.6692494,0.15275334,0.17799722,1.0,0.85714287,0.85714287
附件3_08,2,正向,Positive,0.03735755,0.03735755,0.41469443,0.2696032,0.31570232,0.41469443,0.75431764,0.118267186,0.12741518,1.0,0.8666667,0.8666667
附件3_09,2,正向,Positive,1.4491255,1.4491255,0.8553115,0.05691447,0.08777397,0.8553115,0.65484285,0.12629569,0.21886143,1.0,0.85714287,0.85714287
附件3_10,1,中性,Neutral,0.0,-0.10863784,0.75435215,0.078796566,0.75435215,0.16685127,0.5527179,0.18830588,0.25897622,1.0,1.0,1.0
附件3_11,2,正向,Positive,0.4325589,0.4325589,0.47473526,0.23166777,0.293597,0.47473526,0.71195865,0.14925632,0.13878506,1.0,0.71428573,0.71428573
附件3_12,2,正向,Positive,0.6883563,0.6883563,0.6538101,0.1550215,0.19116846,0.6538101,0.6582548,0.12635332,0.21539192,1.0,0.84615386,0.84615386
附件3_13,1,中性,Neutral,0.0,-0.19516647,0.36452004,0.34103185,0.36452004,0.2944481,0.6605574,0.19579358,0.14364901,1.0,0.8947368,0.8947368
附件3_14,0,负向,Negative,-0.8525288,-0.8525288,0.6556146,0.6556146,0.22369301,0.12069243,0.6139468,0.14155108,0.24450211,1.0,0.9130435,0.9130435
附件3_15,2,正向,Positive,0.8719756,0.8719756,0.781821,0.06630007,0.1518789,0.781821,0.6363705,0.15029518,0.21333432,1.0,0.8888889,0.8888889
附件3_16,2,正向,Positive,1.7866313,1.7866313,0.8283418,0.10733963,0.06431856,0.8283418,0.6671951,0.114669174,0.21813579,1.0,0.88235295,0.88235295
附件3_17,0,负向,Negative,-0.92670333,-0.92670333,0.63823706,0.63823706,0.2183582,0.1434048,0.7324797,0.14207387,0.12544645,1.0,0.6363636,0.6363636
附件3_18,2,正向,Positive,0.45904157,0.45904157,0.4164504,0.18516187,0.39838773,0.4164504,0.51401246,0.12464055,0.361347,1.0,0.8235294,0.8235294
附件3_19,0,负向,Negative,-1.0020037,-1.0020037,0.64192015,0.64192015,0.24804474,0.11003511,0.64391637,0.13772076,0.21836294,1.0,0.7083333,0.7083333
附件3_20,1,中性,Neutral,0.0,-0.024190444,0.4487435,0.2807621,0.4487435,0.27049443,0.7045203,0.14048114,0.15499857,1.0,0.7083333,0.7083333
附件3_21,2,正向,Positive,1.0561033,1.0561033,0.7029918,0.09938018,0.19762802,0.7029918,0.66555434,0.16811252,0.1663332,1.0,0.6666667,0.6666667
附件3_22,2,正向,Positive,0.37328333,0.37328333,0.46790403,0.21093336,0.32116267,0.46790403,0.662021,0.17513828,0.1628408,1.0,0.7647059,0.7647059
附件3_23,2,正向,Positive,0.42594612,0.42594612,0.47521952,0.124773145,0.40000734,0.47521952,0.69701684,0.10262343,0.2003598,1.0,0.6923077,0.6923077
附件3_24,0,负向,Negative,-0.6297611,-0.6297611,0.62824464,0.62824464,0.2032673,0.16848794,0.7734306,0.11614058,0.11042879,1.0,0.75,0.75
附件3_25,1,中性,Neutral,0.0,0.026021607,0.4712026,0.1892836,0.4712026,0.33951384,0.70282686,0.15332296,0.14385024,1.0,0.7777778,0.7777778
附件3_26,2,正向,Positive,0.9801142,0.9801142,0.7474779,0.11388479,0.1386373,0.7474779,0.7232022,0.10765763,0.16914013,1.0,0.72727275,0.72727275
附件3_27,2,正向,Positive,1.1052631,1.1052631,0.7573965,0.10373497,0.1388685,0.7573965,0.67913556,0.122614935,0.19824946,1.0,0.61904764,0.61904764
附件3_28,2,正向,Positive,0.2172502,0.2172502,0.5229055,0.13570838,0.34138605,0.5229055,0.6697804,0.13147065,0.19874899,1.0,0.6666667,0.6666667
附件3_29,2,正向,Positive,0.66387,0.66387,0.54142445,0.2586738,0.19990174,0.54142445,0.76549155,0.1390443,0.09546411,1.0,0.5555556,0.5555556
附件3_30,0,负向,Negative,-0.38233268,-0.38233268,0.49462253,0.49462253,0.25887653,0.24650101,0.70448935,0.1031211,0.19238959,1.0,0.5,0.5
