modality,location,fraction,accuracy,macro_f1,mae,pearson,selection_score,weighted_f1,macro_auc
text,early,0.1,0.6318681318681318,0.6028390117905397,0.6043025851249695,0.6488488024615958,0.7084599872561779,0.6281637890669862,0.7920316437590964
text,early,0.2,0.6291208791208791,0.6002399821478166,0.6143057942390442,0.6385070618724193,0.7049423307388349,0.6256927877496941,0.7894710715252535
text,early,0.3,0.625,0.5989958819999393,0.6275582909584045,0.6182007347838296,0.700390831820317,0.6227638422490442,0.786386037745633
text,early,0.4,0.625,0.5953406661764048,0.6316523551940918,0.6063637950587069,0.696514745334069,0.6215152036390265,0.7837484955919152
text,early,0.5,0.6153846153846154,0.5891291721298276,0.6341649293899536,0.5853033241109277,0.6900824227222226,0.6133300908256052,0.7785834521629948
text,middle,0.1,0.6304945054945055,0.6020098207148566,0.6036803722381592,0.6412702438742547,0.7069500887893558,0.6269752173143744,0.7919007339622036
text,middle,0.2,0.6332417582417582,0.6031256879359815,0.6033827662467957,0.6352466598169455,0.7066243251907462,0.6299114835666524,0.7900148105581334
text,middle,0.3,0.6236263736263736,0.5926855435503233,0.6090318560600281,0.6227483720877663,0.6991529038509914,0.6203912391094902,0.7864430964914098
text,middle,0.4,0.625,0.5969073581726022,0.6036144495010376,0.6158279209788087,0.7005869039330532,0.6230251623454033,0.7842762526618593
text,middle,0.5,0.6126373626373627,0.5853462703836001,0.6100449562072754,0.6043592309583944,0.6926573560884075,0.610464536652988,0.7780200944651975
text,late,0.1,0.6291208791208791,0.5922865696703464,0.6194369196891785,0.646933268551276,0.7018874804719195,0.6188687608616064,0.7898639150670045
text,late,0.2,0.6332417582417582,0.5970223504962572,0.6204100847244263,0.6512455012976738,0.704837328127818,0.6226705915621676,0.7880224914665037
text,late,0.3,0.635989010989011,0.6003170387094003,0.6211928725242615,0.6455254186790859,0.705574473988279,0.6262252724294167,0.7853066337535116
text,late,0.4,0.625,0.5924404352060781,0.6310809850692749,0.6300946328430737,0.6986623468582152,0.6162038991585038,0.7774228133330984
text,late,0.5,0.6167582417582418,0.5800365954460284,0.6358063817024231,0.6073889021887948,0.6887395409378385,0.6062831781889826,0.7703924886440939
audio,early,0.1,0.6401098901098901,0.6138718942260458,0.6002594828605652,0.6519713095427768,0.7147143446870684,0.6366740026402727,0.7948631221689185
audio,early,0.2,0.6346153846153846,0.6097103419786721,0.5996980667114258,0.6506608388215638,0.7124744256984756,0.6319701166582319,0.7948456917268653
audio,early,0.3,0.6401098901098901,0.6161731289854041,0.5984083414077759,0.6517915333711526,0.7159614050711899,0.6379232305464106,0.7953490998325856
audio,early,0.4,0.6373626373626373,0.6128881418307598,0.598565399646759,0.6520986475787103,0.7143545080757359,0.6348855893341173,0.795487772982515
audio,early,0.5,0.6373626373626373,0.6113064005659427,0.5991780757904053,0.6517247074326556,0.7134667013451761,0.6337432331438096,0.7953980810089741
audio,middle,0.1,0.6442307692307693,0.6168877884002152,0.6006888747215271,0.6519687681719389,0.7161932844444633,0.6403083057411962,0.7949015742653801
audio,middle,0.2,0.6428571428571429,0.6151726355082401,0.599124550819397,0.6522838529944571,0.7154872589819954,0.6386157593606063,0.795000862165567
audio,middle,0.3,0.6414835164835165,0.6130670218675532,0.5988149046897888,0.6523990348026073,0.7144723725081819,0.6365050145454789,0.7955769492266471
audio,middle,0.4,0.6428571428571429,0.6161784284946625,0.5975885987281799,0.6524268510107745,0.7161140019837355,0.6388114825130597,0.796311722091699
audio,middle,0.5,0.6414835164835165,0.6146847296868265,0.597743034362793,0.6522467391011425,0.7153298400843984,0.6375829730064735,0.7963167327241524
audio,late,0.1,0.6414835164835165,0.6127867244065927,0.6011806130409241,0.6515453936737798,0.7140464637183017,0.6370985237938027,0.7951034088814143
audio,late,0.2,0.6373626373626373,0.6082863423799972,0.600416898727417,0.6530044838406103,0.7120660505175957,0.6327383155790768,0.7953174685087246
audio,late,0.3,0.6428571428571429,0.6148789766966227,0.5969178080558777,0.6545097547783791,0.7158214310280098,0.6387786899601079,0.796086330196134
audio,late,0.4,0.6428571428571429,0.614195378196113,0.5958268642425537,0.6551669749059248,0.7156509443844417,0.6384808894549627,0.7968177964965436
audio,late,0.5,0.6442307692307693,0.6181537396225382,0.595088005065918,0.653467503400028,0.717424461650212,0.6410872341141277,0.7970595661092855
vision,early,0.1,0.6414835164835165,0.614286218031061,0.6025888919830322,0.6510753180814842,0.7146318139288843,0.6373169930521339,0.7946997928897019
vision,early,0.2,0.6497252747252747,0.622172684539237,0.6004905700683594,0.6521353822886369,0.7188739449416901,0.645277054802283,0.7948117875666277
vision,early,0.3,0.646978021978022,0.6182247450604689,0.6012059450149536,0.6528043468891433,0.7169526282292757,0.6419676977569542,0.7942729629241082
vision,early,0.4,0.6456043956043956,0.6147235514827046,0.6016137003898621,0.653456808274303,0.715272716956507,0.6394284156352139,0.7940139482803676
vision,early,0.5,0.6442307692307693,0.6125662645416816,0.6026440262794495,0.6533787011334588,0.7141136690222297,0.6376943770396674,0.7939099583017826
vision,middle,0.1,0.6373626373626373,0.6078282679633632,0.6031731367111206,0.6520733433551272,0.7115135930375426,0.6321627506931103,0.7943739414565494
vision,middle,0.2,0.6414835164835165,0.6110168139951236,0.6033575534820557,0.6515222024666063,0.7130129004687491,0.635257235344072,0.7942199529337537
vision,middle,0.3,0.6428571428571429,0.6119025809238924,0.6032552123069763,0.6521241056007522,0.7135528921482606,0.636217357179968,0.793758707295265
vision,middle,0.4,0.6442307692307693,0.6129472731398368,0.6037810444831848,0.6529826107352369,0.7141689585479916,0.6373892801769095,0.7932130474396709
vision,middle,0.5,0.6442307692307693,0.6125756502645865,0.6045075058937073,0.6524875805080544,0.7138604618155876,0.6371749800516262,0.7927080809610864
vision,late,0.1,0.6428571428571429,0.613842359176072,0.6023154854774475,0.6522822154105723,0.7146091462011253,0.6377589998486596,0.7942796326877701
vision,late,0.2,0.6442307692307693,0.6151609466054003,0.6019830107688904,0.6532614362185671,0.7154374880175592,0.6389497167809621,0.7946522631125136
vision,late,0.3,0.6428571428571429,0.6116325577256219,0.6033799052238464,0.6540095244341015,0.7136923805130031,0.6363938568315841,0.7945210378610134
vision,late,0.4,0.6456043956043956,0.613818825998087,0.6035815477371216,0.6540282974084956,0.7147748877611764,0.6385945361092813,0.7942658595035356
vision,late,0.5,0.6414835164835165,0.6076997249442494,0.6043664813041687,0.6542827327747045,0.7117011736347192,0.6333836426500082,0.7937901830588542
