sample_id,predicted_class,polarity,predicted_intensity,prob_negative,prob_neutral,prob_positive
附件3_01,0,负向,-0.8814883,0.70881563,0.14960249,0.14158194
附件3_02,1,中性,0.0,0.22089104,0.522418,0.2566909
附件3_03,1,中性,0.0,0.27360946,0.40151587,0.32487467
附件3_04,2,正向,0.54247683,0.11907151,0.22219467,0.65873384
附件3_05,0,负向,-1.5104725,0.7786942,0.15077713,0.07052865
附件3_06,2,正向,1.3716997,0.053984147,0.10226065,0.8437552
附件3_07,1,中性,0.0,0.20793149,0.4136295,0.37843898
附件3_08,2,正向,0.03735755,0.2696032,0.31570232,0.41469443
附件3_09,2,正向,1.4491255,0.05691447,0.08777397,0.8553115
附件3_10,1,中性,0.0,0.078796566,0.75435215,0.16685127
附件3_11,2,正向,0.4325589,0.23166777,0.293597,0.47473526
附件3_12,2,正向,0.6883563,0.1550215,0.19116846,0.6538101
附件3_13,1,中性,0.0,0.34103185,0.36452004,0.2944481
附件3_14,0,负向,-0.8525288,0.6556146,0.22369301,0.12069243
附件3_15,2,正向,0.8719756,0.06630007,0.1518789,0.781821
附件3_16,2,正向,1.7866313,0.10733963,0.06431856,0.8283418
附件3_17,0,负向,-0.92670333,0.63823706,0.2183582,0.1434048
附件3_18,2,正向,0.45904157,0.18516187,0.39838773,0.4164504
附件3_19,0,负向,-1.0020037,0.64192015,0.24804474,0.11003511
附件3_20,1,中性,0.0,0.2807621,0.4487435,0.27049443
附件3_21,2,正向,1.0561033,0.09938018,0.19762802,0.7029918
附件3_22,2,正向,0.37328333,0.21093336,0.32116267,0.46790403
附件3_23,2,正向,0.42594612,0.124773145,0.40000734,0.47521952
附件3_24,0,负向,-0.6297611,0.62824464,0.2032673,0.16848794
附件3_25,1,中性,0.0,0.1892836,0.4712026,0.33951384
附件3_26,2,正向,0.9801142,0.11388479,0.1386373,0.7474779
附件3_27,2,正向,1.1052631,0.10373497,0.1388685,0.7573965
附件3_28,2,正向,0.2172502,0.13570838,0.34138605,0.5229055
附件3_29,2,正向,0.66387,0.2586738,0.19990174,0.54142445
附件3_30,0,负向,-0.38233268,0.49462253,0.25887653,0.24650101
